"","site_no","station_nm","huc_cd","site_tp_cd","dec_lat_va","dec_long_va","parm_cd_D","data_type_cd_D","stat_cd_D","srs_id_D","begin_date_D","end_date_D","count_nu_D","parm_cd_N","data_type_cd_N","stat_cd_N","srs_id_N","begin_date_N","end_date_N","count_nu_N","parm_cd_P","data_type_cd_P","stat_cd_P","srs_id_P","begin_date_P","end_date_P","count_nu_P"
"1","06768000","Platte River near Overton, Nebr.","10200101","ST",40.6825,-99.5405556,"00060","dv","00003",1645423,1930-10-01,2019-10-30,32537,"00600","qw",NA,52450988,1978-10-24,2013-09-24,161,"00665","qw",NA,153049,1978-10-24,2013-09-24,164
"2","06768000","Platte River near Overton, Nebr.","10200101","ST",40.6825,-99.5405556,"00060","qw",NA,1645423,1959-10-01,1998-02-26,115,"00600","qw",NA,52450988,1978-10-24,2013-09-24,161,"00665","qw",NA,153049,1978-10-24,2013-09-24,164
"3","06768000","Platte River near Overton, Nebr.","10200101","ST",40.6825,-99.5405556,"00060","uv",NA,1645423,1998-01-14,2019-10-31,7960,"00600","qw",NA,52450988,1978-10-24,2013-09-24,161,"00665","qw",NA,153049,1978-10-24,2013-09-24,164
"4","06770500","Platte River near Grand Island, Nebr.","10200101","ST",40.8744567,-98.2820044,"00060","dv","00003",1645423,1934-04-01,2019-10-30,31259,"00600","qw",NA,52450988,1973-04-11,1999-09-14,262,"00665","qw",NA,153049,1973-04-11,2011-06-29,263
"5","06770500","Platte River near Grand Island, Nebr.","10200101","ST",40.8744567,-98.2820044,"00060","uv",NA,1645423,1990-10-01,2019-10-31,10622,"00600","qw",NA,52450988,1973-04-11,1999-09-14,262,"00665","qw",NA,153049,1973-04-11,2011-06-29,263
"6","06772000","WOOD RIVER NEAR ALDA, NEBR.","10200102","ST",40.8522222,-98.4744444,"00060","dv","00003",1645423,1953-10-01,1998-09-29,16101,"00600","qw",NA,52450988,1974-04-10,2003-07-26,64,"00665","qw",NA,153049,1974-04-10,2003-07-26,65
"7","06772000","WOOD RIVER NEAR ALDA, NEBR.","10200102","ST",40.8522222,-98.4744444,"00060","uv",NA,1645423,1991-03-17,1994-09-30,1293,"00600","qw",NA,52450988,1974-04-10,2003-07-26,64,"00665","qw",NA,153049,1974-04-10,2003-07-26,65
"8","06772500","WOOD RIVER NR CHAPMAN NEBR","10200102","ST",40.96556795,-98.2064478,"00060","qw",NA,1645423,1957-09-20,1975-10-08,137,"00600","qw",NA,52450988,1968-07-08,1980-09-17,87,"00665","qw",NA,153049,1969-12-11,1980-09-17,97
"9","06774000","Platte River near Duncan, Nebr.","10200103","ST",41.3683333,-97.4952778,"00060","dv","00003",1645423,1895-05-03,2019-10-30,33456,"00600","qw",NA,52450988,1968-07-31,1999-09-15,163,"00665","qw",NA,153049,1969-07-26,2012-06-05,213
"10","06774000","Platte River near Duncan, Nebr.","10200103","ST",41.3683333,-97.4952778,"00060","qw",NA,1645423,1964-09-18,1974-09-25,149,"00600","qw",NA,52450988,1968-07-31,1999-09-15,163,"00665","qw",NA,153049,1969-07-26,2012-06-05,213
"11","06774000","Platte River near Duncan, Nebr.","10200103","ST",41.3683333,-97.4952778,"00060","uv",NA,1645423,1991-05-10,2019-10-31,10401,"00600","qw",NA,52450988,1968-07-31,1999-09-15,163,"00665","qw",NA,153049,1969-07-26,2012-06-05,213
"12","06795500","Shell Creek near Columbus, Nebr.","10200201","ST",41.5261111,-97.2816667,"00060","dv","00003",1645423,1947-09-01,2019-10-30,10458,"00600","qw",NA,52450988,1992-05-22,2009-09-30,57,"00665","qw",NA,153049,1992-05-22,2009-09-30,71
"13","06795500","Shell Creek near Columbus, Nebr.","10200201","ST",41.5261111,-97.2816667,"00060","uv",NA,1645423,1990-10-01,2019-10-31,10622,"00600","qw",NA,52450988,1992-05-22,2009-09-30,57,"00665","qw",NA,153049,1992-05-22,2009-09-30,71
"14","06796000","Platte River at North Bend, Nebr.","10200201","ST",41.45277778,-96.7755556,"00060","dv","00003",1645423,1949-04-01,2019-10-30,25774,"00600","qw",NA,52450988,1973-05-02,1989-09-07,203,"00665","qw",NA,153049,1970-03-05,2011-06-30,205
"15","06796000","Platte River at North Bend, Nebr.","10200201","ST",41.45277778,-96.7755556,"00060","uv",NA,1645423,1989-04-09,2019-10-31,11162,"00600","qw",NA,52450988,1973-05-02,1989-09-07,203,"00665","qw",NA,153049,1970-03-05,2011-06-30,205
"16","06803080","Salt Creek at Pioneers Boulevard at Lincoln, Nebr.","10200203","ST",40.77027778,-96.7188889,"00060","dv","00003",1645423,1994-08-18,2019-10-30,9205,"00600","qw",NA,52450988,1971-08-12,1996-08-05,186,"00665","qw",NA,153049,1971-03-16,2013-11-06,199
"17","06803080","Salt Creek at Pioneers Boulevard at Lincoln, Nebr.","10200203","ST",40.77027778,-96.7188889,"00060","uv",NA,1645423,1994-08-19,2019-10-31,9204,"00600","qw",NA,52450988,1971-08-12,1996-08-05,186,"00665","qw",NA,153049,1971-03-16,2013-11-06,199
"18","06803500","Salt Creek at 27th Street at Lincoln, Nebr.","10200203","ST",40.84666667,-96.6816667,"00060","dv","00003",1645423,1949-10-01,2019-10-30,25585,"00600","qw",NA,52450988,1968-10-16,1995-08-30,137,"00665","qw",NA,153049,1969-10-23,1995-08-30,126
"19","06803500","Salt Creek at 27th Street at Lincoln, Nebr.","10200203","ST",40.84666667,-96.6816667,"00060","uv",NA,1645423,1991-08-05,2019-10-31,10314,"00600","qw",NA,52450988,1968-10-16,1995-08-30,137,"00665","qw",NA,153049,1969-10-23,1995-08-30,126
"20","06803530","Rock Creek near Ceresco, Nebr.","10200203","ST",41.0158333,-96.5441667,"00060","dv","00003",1645423,1970-04-01,2019-10-30,18110,"00600","qw",NA,52450988,1971-03-16,1980-08-13,59,"00665","qw",NA,153049,1971-03-16,2009-08-03,51
"21","06803530","Rock Creek near Ceresco, Nebr.","10200203","ST",41.0158333,-96.5441667,"00060","uv",NA,1645423,1990-10-01,2019-10-31,10622,"00600","qw",NA,52450988,1971-03-16,1980-08-13,59,"00665","qw",NA,153049,1971-03-16,2009-08-03,51
"22","06803555","Salt Creek at Greenwood, Nebr.","10200203","ST",40.96555556,-96.4544444,"00060","dv","00003",1645423,1951-11-01,2019-10-30,24834,"00600","qw",NA,52450988,1971-07-27,1995-03-16,144,"00665","qw",NA,153049,1971-07-27,1995-03-16,148
"23","06803555","Salt Creek at Greenwood, Nebr.","10200203","ST",40.96555556,-96.4544444,"00060","uv",NA,1645423,1990-10-01,2019-10-31,10622,"00600","qw",NA,52450988,1971-07-27,1995-03-16,144,"00665","qw",NA,153049,1971-07-27,1995-03-16,148
"24","06805000","Salt Creek Near Ashland, Nebr.","10200203","ST",41.05166667,-96.3386111,"00060","dv","00003",1645423,1947-10-01,1969-09-29,8035,"00600","qw",NA,52450988,1971-09-30,2019-07-24,68,"00665","qw",NA,153049,1971-09-30,2019-07-24,68
"25","06805500","Platte River at Louisville, Nebr.","10200202","ST",41.01527778,-96.1577778,"00060","dv","00003",1645423,1953-06-01,2019-10-30,24213,"00600","qw",NA,52450988,1974-11-06,2019-08-28,586,"00665","qw",NA,153049,1974-11-06,2019-08-28,704
"26","06805500","Platte River at Louisville, Nebr.","10200202","ST",41.01527778,-96.1577778,"00060","uv",NA,1645423,1988-10-01,2019-10-31,11352,"00600","qw",NA,52450988,1974-11-06,2019-08-28,586,"00665","qw",NA,153049,1974-11-06,2019-08-28,704
"27","06775900","Dismal River near Thedford, Nebr.","10210002","ST",41.7786111,-100.5252778,"00060","dv","00003",1645423,1966-10-01,2019-10-30,17924,"00600","qw",NA,52450988,1967-06-13,2015-08-27,134,"00665","qw",NA,153049,1969-11-25,2015-08-27,181
"28","06775900","Dismal River near Thedford, Nebr.","10210002","ST",41.7786111,-100.5252778,"00060","uv",NA,1645423,1990-11-15,2019-10-31,10577,"00600","qw",NA,52450988,1967-06-13,2015-08-27,134,"00665","qw",NA,153049,1969-11-25,2015-08-27,181
"29","06783000","MUD CREEK NR BROKEN BOW, NE","10210005","ST",41.37430556,-99.5855,"00060","dv","00003",1645423,1949-07-01,1953-09-29,1552,"00600","qw",NA,52450988,1973-04-10,1978-09-28,63,"00665","qw",NA,153049,1973-04-10,1978-09-28,63
"30","06783500","MUD CREEK NEAR SWEETWATER, NE","10210005","ST",41.03805556,-98.9927778,"00060","dv","00003",1645423,1946-08-01,1995-02-21,17737,"00600","qw",NA,52450988,1978-10-19,1994-08-02,133,"00665","qw",NA,153049,1978-10-19,1994-08-02,135
"31","06783500","MUD CREEK NEAR SWEETWATER, NE","10210005","ST",41.03805556,-98.9927778,"00060","uv",NA,1645423,1991-04-28,1994-09-30,1251,"00600","qw",NA,52450988,1978-10-19,1994-08-02,133,"00665","qw",NA,153049,1978-10-19,1994-08-02,135
"32","06794000","Beaver Creek at Genoa, Nebr.","10210009","ST",41.4414021,-97.7347745,"00060","dv","00003",1645423,1940-10-01,2019-10-30,28884,"00600","qw",NA,52450988,1978-10-25,1989-09-08,132,"00665","qw",NA,153049,1972-08-29,1989-09-08,135
"33","06794000","Beaver Creek at Genoa, Nebr.","10210009","ST",41.4414021,-97.7347745,"00060","uv",NA,1645423,1990-10-01,2019-10-31,10622,"00600","qw",NA,52450988,1978-10-25,1989-09-08,132,"00665","qw",NA,153049,1972-08-29,1989-09-08,135
"34","06796973","ELKHORN RIVER NR ATKINSON, NE","10220001","ST",42.48602778,-98.9113333,"00060","dv","00003",1645423,1982-10-01,1992-09-29,3652,"00600","qw",NA,52450988,1982-10-07,1989-09-05,84,"00665","qw",NA,153049,1982-10-07,1989-09-05,84
"35","06796973","ELKHORN RIVER NR ATKINSON, NE","10220001","ST",42.48602778,-98.9113333,"00060","uv",NA,1645423,1990-10-01,1992-09-30,730,"00600","qw",NA,52450988,1982-10-07,1989-09-05,84,"00665","qw",NA,153049,1982-10-07,1989-09-05,84
"36","06799000","Elkhorn River at Norfolk, Nebr.","10220001","ST",42.00377778,-97.4260278,"00060","dv","00003",1645423,1896-08-01,2019-10-30,28775,"00600","qw",NA,52450988,1968-04-10,1994-08-02,135,"00665","qw",NA,153049,1978-10-10,1994-08-02,133
"37","06799000","Elkhorn River at Norfolk, Nebr.","10220001","ST",42.00377778,-97.4260278,"00060","qw",NA,1645423,1948-08-12,1973-05-28,178,"00600","qw",NA,52450988,1968-04-10,1994-08-02,135,"00665","qw",NA,153049,1978-10-10,1994-08-02,133
"38","06799000","Elkhorn River at Norfolk, Nebr.","10220001","ST",42.00377778,-97.4260278,"00060","uv",NA,1645423,1990-10-01,2019-10-31,10622,"00600","qw",NA,52450988,1968-04-10,1994-08-02,135,"00665","qw",NA,153049,1978-10-10,1994-08-02,133
"39","06799350","Elkhorn River at West Point, Nebr.","10220003","ST",41.8394441,-96.7275324,"00060","dv","00003",1645423,1972-10-01,2019-10-30,17196,"00600","qw",NA,52450988,1968-09-09,1992-09-14,108,"00665","qw",NA,153049,1980-08-12,1992-09-14,109
"40","06799350","Elkhorn River at West Point, Nebr.","10220003","ST",41.8394441,-96.7275324,"00060","uv",NA,1645423,1990-12-18,2019-10-31,10544,"00600","qw",NA,52450988,1968-09-09,1992-09-14,108,"00665","qw",NA,153049,1980-08-12,1992-09-14,109
"41","06799450","LOGAN CREEK AT PENDER NE","10220004","ST",42.11388889,-96.7016667,"00060","dv","00003",1645423,1965-10-01,1993-09-29,10226,"00600","qw",NA,52450988,1968-04-04,1989-09-07,197,"00665","qw",NA,153049,1973-05-02,1989-09-07,197
"42","06799450","LOGAN CREEK AT PENDER NE","10220004","ST",42.11388889,-96.7016667,"00060","qw",NA,1645423,1964-01-14,1974-09-18,137,"00600","qw",NA,52450988,1968-04-04,1989-09-07,197,"00665","qw",NA,153049,1973-05-02,1989-09-07,197
"43","06799450","LOGAN CREEK AT PENDER NE","10220004","ST",42.11388889,-96.7016667,"00060","uv",NA,1645423,1990-10-01,1993-09-30,1095,"00600","qw",NA,52450988,1968-04-04,1989-09-07,197,"00665","qw",NA,153049,1973-05-02,1989-09-07,197
"44","06800000","Maple Creek near Nickerson, Nebr.","10220003","ST",41.56116667,-96.5408333,"00060","dv","00003",1645423,1951-10-01,2019-10-30,24867,"00600","qw",NA,52450988,1968-09-09,2019-09-24,383,"00665","qw",NA,153049,1992-05-12,2019-09-24,492
"45","06800000","Maple Creek near Nickerson, Nebr.","10220003","ST",41.56116667,-96.5408333,"00060","uv",NA,1645423,1990-10-01,2019-10-31,10622,"00600","qw",NA,52450988,1968-09-09,2019-09-24,383,"00665","qw",NA,153049,1992-05-12,2019-09-24,492
"46","06800500","Elkhorn River at Waterloo, Nebr.","10220003","ST",41.2933333,-96.2838889,"00060","dv","00003",1645423,1899-10-01,2019-10-30,34050,"00600","qw",NA,52450988,1968-07-12,2019-09-17,439,"00665","qw",NA,153049,1970-03-05,2019-09-17,494
"47","06800500","Elkhorn River at Waterloo, Nebr.","10220003","ST",41.2933333,-96.2838889,"00060","qw",NA,1645423,1948-07-23,2018-02-14,140,"00600","qw",NA,52450988,1968-07-12,2019-09-17,439,"00665","qw",NA,153049,1970-03-05,2019-09-17,494
"48","06800500","Elkhorn River at Waterloo, Nebr.","10220003","ST",41.2933333,-96.2838889,"00060","uv",NA,1645423,1990-10-01,2019-10-31,10622,"00600","qw",NA,52450988,1968-07-12,2019-09-17,439,"00665","qw",NA,153049,1970-03-05,2019-09-17,494
"49","06486000","Missouri River at Sioux City, IA","10230001","ST",42.4858276,-96.4139184,"00060","dv","00003",1645423,1928-10-01,2019-10-30,30709,"00600","qw",NA,52450988,1974-01-29,2003-06-25,152,"00665","qw",NA,153049,1974-01-29,2012-08-22,159
"50","06486000","Missouri River at Sioux City, IA","10230001","ST",42.4858276,-96.4139184,"00060","uv",NA,1645423,1991-02-22,2019-10-31,10478,"00600","qw",NA,52450988,1974-01-29,2003-06-25,152,"00665","qw",NA,153049,1974-01-29,2012-08-22,159
"51","06607500","Little Sioux River near Turin, IA","10230003","ST",41.9644323,-95.9727884,"00060","dv","00003",1645423,1942-05-07,2019-10-30,28209,"00600","qw",NA,52450988,2004-03-10,2014-09-15,126,"00665","qw",NA,153049,2004-03-10,2014-09-15,126
"52","06607500","Little Sioux River near Turin, IA","10230003","ST",41.9644323,-95.9727884,"00060","uv",NA,1645423,1990-10-01,2019-10-31,10622,"00600","qw",NA,52450988,2004-03-10,2014-09-15,126,"00665","qw",NA,153049,2004-03-10,2014-09-15,126
"53","06609500","Boyer River at Logan, IA","10230007","ST",41.6416111,-95.7822222,"00060","dv","00003",1645423,1918-05-24,2019-10-30,32480,"00600","qw",NA,52450988,2004-03-12,2014-09-15,124,"00665","qw",NA,153049,2004-03-12,2014-09-15,125
"54","06609500","Boyer River at Logan, IA","10230007","ST",41.6416111,-95.7822222,"00060","qw",NA,1645423,1945-04-23,2014-02-12,141,"00600","qw",NA,52450988,2004-03-12,2014-09-15,124,"00665","qw",NA,153049,2004-03-12,2014-09-15,125
"55","06609500","Boyer River at Logan, IA","10230007","ST",41.6416111,-95.7822222,"00060","uv",NA,1645423,1990-10-01,2019-10-31,10622,"00600","qw",NA,52450988,2004-03-12,2014-09-15,124,"00665","qw",NA,153049,2004-03-12,2014-09-15,125
"56","06610000","Missouri River at Omaha, NE","10230006","ST",41.25888735,-95.9225138,"00060","dv","00003",1645423,1928-09-01,2019-10-30,33297,"00600","qw",NA,52450988,1978-02-09,2019-10-08,355,"00665","qw",NA,153049,1969-07-23,2019-10-08,383
"57","06610000","Missouri River at Omaha, NE","10230006","ST",41.25888735,-95.9225138,"00060","qw",NA,1645423,1969-07-23,1975-01-21,121,"00600","qw",NA,52450988,1978-02-09,2019-10-08,355,"00665","qw",NA,153049,1969-07-23,2019-10-08,383
"58","06610000","Missouri River at Omaha, NE","10230006","ST",41.25888735,-95.9225138,"00060","uv",NA,1645423,1990-12-16,2019-10-31,10546,"00600","qw",NA,52450988,1978-02-09,2019-10-08,355,"00665","qw",NA,153049,1969-07-23,2019-10-08,383
"59","06810000","Nishnabotna River above Hamburg, IA","10240004","ST",40.60166667,-95.645,"00060","dv","00003",1645423,1922-03-01,2019-10-30,33845,"00600","qw",NA,52450988,1979-04-04,2014-09-16,212,"00665","qw",NA,153049,1969-07-30,2014-09-16,228
"60","06810000","Nishnabotna River above Hamburg, IA","10240004","ST",40.60166667,-95.645,"00060","uv",NA,1645423,1990-10-01,2019-10-31,10622,"00600","qw",NA,52450988,1979-04-04,2014-09-16,212,"00665","qw",NA,153049,1969-07-30,2014-09-16,228
"61","06811500","Little Nemaha River at Auburn, Nebr.","10240006","ST",40.39277778,-95.8127778,"00060","dv","00003",1645423,1949-09-01,2019-10-30,25623,"00600","qw",NA,52450988,1973-03-08,1989-09-20,200,"00665","qw",NA,153049,1973-03-08,1989-09-20,201
"62","06811500","Little Nemaha River at Auburn, Nebr.","10240006","ST",40.39277778,-95.8127778,"00060","uv",NA,1645423,1990-10-01,2019-10-31,10622,"00600","qw",NA,52450988,1973-03-08,1989-09-20,200,"00665","qw",NA,153049,1973-03-08,1989-09-20,201
"63","06815000","Big Nemaha River at Falls City, Nebr.","10240008","ST",40.0355577,-95.5960957,"00060","dv","00003",1645423,1944-04-01,2019-10-30,27600,"00600","qw",NA,52450988,1973-03-08,1989-09-20,203,"00665","qw",NA,153049,1973-03-08,1989-09-20,202
"64","06815000","Big Nemaha River at Falls City, Nebr.","10240008","ST",40.0355577,-95.5960957,"00060","uv",NA,1645423,1991-05-05,2019-10-31,10406,"00600","qw",NA,52450988,1973-03-08,1989-09-20,203,"00665","qw",NA,153049,1973-03-08,1989-09-20,202
"65","06817700","Nodaway River near Graham, MO","10240010","ST",40.2024722,-95.0695556,"00060","dv","00003",1645423,1982-10-22,2019-10-30,13523,"00600","qw",NA,52450988,1992-11-10,2019-10-02,196,"00665","qw",NA,153049,1992-11-10,2019-10-02,197
"66","06817700","Nodaway River near Graham, MO","10240010","ST",40.2024722,-95.0695556,"00060","uv",NA,1645423,1995-02-08,2019-10-31,9031,"00600","qw",NA,52450988,1992-11-10,2019-10-02,196,"00665","qw",NA,153049,1992-11-10,2019-10-02,197
"67","06818000","Missouri River at St. Joseph, MO","10240011","ST",39.75325,-94.8568333,"00060","dv","00003",1645423,1928-10-01,2019-10-30,33265,"00600","qw",NA,52450988,1973-07-17,2019-09-24,512,"00665","qw",NA,153049,1969-11-19,2019-09-24,561
"68","06818000","Missouri River at St. Joseph, MO","10240011","ST",39.75325,-94.8568333,"00060","qw",NA,1645423,1950-07-31,2013-12-03,1209,"00600","qw",NA,52450988,1973-07-17,2019-09-24,512,"00665","qw",NA,153049,1969-11-19,2019-09-24,561
"69","06818000","Missouri River at St. Joseph, MO","10240011","ST",39.75325,-94.8568333,"00060","uv",NA,1645423,1987-10-01,2019-10-31,11718,"00600","qw",NA,52450988,1973-07-17,2019-09-24,512,"00665","qw",NA,153049,1969-11-19,2019-09-24,561
"70","06821190","Platte River at Sharps Station, MO","10240012","ST",39.4009722,-94.7268333,"00060","dv","00003",1645423,1978-12-01,2019-10-30,14944,"00600","qw",NA,52450988,1979-03-20,2019-10-01,202,"00665","qw",NA,153049,1979-03-20,2019-10-01,202
"71","06821190","Platte River at Sharps Station, MO","10240012","ST",39.4009722,-94.7268333,"00060","uv",NA,1645423,1994-10-01,2019-10-31,9161,"00600","qw",NA,52450988,1979-03-20,2019-10-01,202,"00665","qw",NA,153049,1979-03-20,2019-10-01,202
"72","06824500","Republican River at Benkelman, Nebr.","10250002","ST",40.03444444,-101.5427778,"00060","dv","00003",1645423,1947-01-01,2019-10-30,19481,"00600","qw",NA,52450988,1973-05-29,1989-09-07,105,"00665","qw",NA,153049,1970-12-16,1989-09-07,108
"73","06824500","Republican River at Benkelman, Nebr.","10250002","ST",40.03444444,-101.5427778,"00060","uv",NA,1645423,1990-10-01,2019-10-31,10622,"00600","qw",NA,52450988,1973-05-29,1989-09-07,105,"00665","qw",NA,153049,1970-12-16,1989-09-07,108
"74","06844500","Republican River near Orleans, Nebr.","10250009","ST",40.13166667,-99.5025,"00060","dv","00003",1645423,1947-10-01,2019-10-30,26328,"00600","qw",NA,52450988,1973-03-21,1989-08-28,190,"00665","qw",NA,153049,1970-03-13,1989-08-28,192
"75","06844500","Republican River near Orleans, Nebr.","10250009","ST",40.13166667,-99.5025,"00060","uv",NA,1645423,1990-12-05,2019-10-31,10557,"00600","qw",NA,52450988,1973-03-21,1989-08-28,190,"00665","qw",NA,153049,1970-03-13,1989-08-28,192
"76","06853000","REPUBLICAN RIVER NEAR GUIDE ROCK, NEBR.","10250016","ST",40.06888889,-98.3736111,"00060","dv","00003",1645423,1950-09-01,1984-09-30,12449,"00600","qw",NA,52450988,1973-03-21,1985-09-04,148,"00665","qw",NA,153049,1971-10-06,1985-09-04,196
"77","06853000","REPUBLICAN RIVER NEAR GUIDE ROCK, NEBR.","10250016","ST",40.06888889,-98.3736111,"00060","qw",NA,1645423,1961-11-21,1978-01-17,169,"00600","qw",NA,52450988,1973-03-21,1985-09-04,148,"00665","qw",NA,153049,1971-10-06,1985-09-04,196
"78","06856600","REPUBLICAN R AT CLAY CENTER, KS","10250017","ST",39.3555515,-97.1275203,"00060","dv","00003",1645423,1917-06-01,2019-10-30,37407,"00600","qw",NA,52450988,1973-02-22,2019-10-03,187,"00665","qw",NA,153049,1973-01-16,2019-10-03,196
"79","06856600","REPUBLICAN R AT CLAY CENTER, KS","10250017","ST",39.3555515,-97.1275203,"00060","qw",NA,1645423,1949-03-09,1968-11-20,163,"00600","qw",NA,52450988,1973-02-22,2019-10-03,187,"00665","qw",NA,153049,1973-01-16,2019-10-03,196
"80","06856600","REPUBLICAN R AT CLAY CENTER, KS","10250017","ST",39.3555515,-97.1275203,"00060","uv",NA,1645423,1990-10-01,2019-10-31,10622,"00600","qw",NA,52450988,1973-02-22,2019-10-03,187,"00665","qw",NA,153049,1973-01-16,2019-10-03,196
"81","06877600","SMOKY HILL R AT ENTERPRISE, KS","10260008","ST",38.90638906,-97.1177952,"00060","dv","00003",1645423,1934-10-01,2019-10-30,31076,"00600","qw",NA,52450988,1974-03-12,1995-07-18,152,"00665","qw",NA,153049,1971-10-06,1995-07-18,229
"82","06877600","SMOKY HILL R AT ENTERPRISE, KS","10260008","ST",38.90638906,-97.1177952,"00060","qw",NA,1645423,1922-11-02,1972-11-08,674,"00600","qw",NA,52450988,1974-03-12,1995-07-18,152,"00665","qw",NA,153049,1971-10-06,1995-07-18,229
"83","06877600","SMOKY HILL R AT ENTERPRISE, KS","10260008","ST",38.90638906,-97.1177952,"00060","uv",NA,1645423,1990-10-01,2019-10-31,10622,"00600","qw",NA,52450988,1974-03-12,1995-07-18,152,"00665","qw",NA,153049,1971-10-06,1995-07-18,229
"84","06872500","NF SOLOMON R AT PORTIS, KS","10260012","ST",39.55501079,-98.6922942,"00060","dv","00003",1645423,1945-09-17,2019-10-30,27029,"00600","qw",NA,52450988,1977-11-01,1992-10-21,84,"00665","qw",NA,153049,1971-11-09,1996-12-10,151
"85","06872500","NF SOLOMON R AT PORTIS, KS","10260012","ST",39.55501079,-98.6922942,"00060","qw",NA,1645423,1958-05-21,1972-07-18,134,"00600","qw",NA,52450988,1977-11-01,1992-10-21,84,"00665","qw",NA,153049,1971-11-09,1996-12-10,151
"86","06872500","NF SOLOMON R AT PORTIS, KS","10260012","ST",39.55501079,-98.6922942,"00060","uv",NA,1645423,1990-10-01,2019-10-31,10622,"00600","qw",NA,52450988,1977-11-01,1992-10-21,84,"00665","qw",NA,153049,1971-11-09,1996-12-10,151
"87","06874000","SF SOLOMON R AT OSBORNE, KS","10260014","ST",39.42778826,-98.6942395,"00060","dv","00003",1645423,1946-03-28,2019-10-30,26880,"00600","qw",NA,52450988,1977-11-02,1994-08-24,95,"00665","qw",NA,153049,1971-10-12,1994-08-24,148
"88","06874000","SF SOLOMON R AT OSBORNE, KS","10260014","ST",39.42778826,-98.6942395,"00060","qw",NA,1645423,1958-03-30,1972-09-19,144,"00600","qw",NA,52450988,1977-11-02,1994-08-24,95,"00665","qw",NA,153049,1971-10-12,1994-08-24,148
"89","06874000","SF SOLOMON R AT OSBORNE, KS","10260014","ST",39.42778826,-98.6942395,"00060","uv",NA,1645423,1990-10-01,2019-10-31,10622,"00600","qw",NA,52450988,1977-11-02,1994-08-24,95,"00665","qw",NA,153049,1971-10-12,1994-08-24,148
"90","06879650","KINGS C NR MANHATTAN, KS","10270101","ST",39.102075,-96.5946889,"00060","dv","00003",1645423,1979-04-01,2019-10-30,14823,"00600","qw",NA,52450988,1981-06-04,1996-05-28,73,"00665","qw",NA,153049,1980-04-04,1996-05-28,76
"91","06879650","KINGS C NR MANHATTAN, KS","10270101","ST",39.102075,-96.5946889,"00060","uv",NA,1645423,1979-04-11,2019-10-31,14813,"00600","qw",NA,52450988,1981-06-04,1996-05-28,73,"00665","qw",NA,153049,1980-04-04,1996-05-28,76
"92","06887500","KANSAS R AT WAMEGO, KS","10270102","ST",39.19833014,-96.3055532,"00060","dv","00003",1645423,1919-01-23,2019-10-30,36806,"00600","qw",NA,52450988,1988-11-16,2019-09-23,148,"00665","qw",NA,153049,1971-10-18,2019-09-23,195
"93","06887500","KANSAS R AT WAMEGO, KS","10270102","ST",39.19833014,-96.3055532,"00060","qw",NA,1645423,1956-08-10,1972-09-18,554,"00600","qw",NA,52450988,1988-11-16,2019-09-23,148,"00665","qw",NA,153049,1971-10-18,2019-09-23,195
"94","06887500","KANSAS R AT WAMEGO, KS","10270102","ST",39.19833014,-96.3055532,"00060","uv",NA,1645423,1990-10-01,2019-10-31,10622,"00600","qw",NA,52450988,1988-11-16,2019-09-23,148,"00665","qw",NA,153049,1971-10-18,2019-09-23,195
"95","06889000","KANSAS R AT TOPEKA, KS","10270102","ST",39.0666666,-95.6497028,"00060","dv","00003",1645423,1917-06-12,2019-10-30,37327,"00600","qw",NA,52450988,1987-05-12,2005-07-26,84,"00665","qw",NA,153049,1969-07-22,2005-07-26,128
"96","06889000","KANSAS R AT TOPEKA, KS","10270102","ST",39.0666666,-95.6497028,"00060","qw",NA,1645423,1953-03-20,1983-03-01,141,"00600","qw",NA,52450988,1987-05-12,2005-07-26,84,"00665","qw",NA,153049,1969-07-22,2005-07-26,128
"97","06889000","KANSAS R AT TOPEKA, KS","10270102","ST",39.0666666,-95.6497028,"00060","uv",NA,1645423,1990-10-01,2019-10-31,10622,"00600","qw",NA,52450988,1987-05-12,2005-07-26,84,"00665","qw",NA,153049,1969-07-22,2005-07-26,128
"98","06889180","SOLDIER C NR ST. CLERE, KS","10270102","ST",39.3758289,-95.9183232,"00060","dv","00003",1645423,1964-03-01,1981-04-30,6270,"00600","qw",NA,52450988,1996-06-26,2007-08-30,59,"00665","qw",NA,153049,1996-06-26,2007-08-30,59
"99","06891000","KANSAS R AT LECOMPTON, KS","10270104","ST",39.05111157,-95.3863633,"00060","dv","00003",1645423,1936-03-16,2019-10-30,30544,"00600","qw",NA,52450988,1975-07-23,2002-08-07,81,"00665","qw",NA,153049,1971-10-15,2002-08-07,127
"100","06891000","KANSAS R AT LECOMPTON, KS","10270104","ST",39.05111157,-95.3863633,"00060","qw",NA,1645423,1961-10-18,1972-09-08,129,"00600","qw",NA,52450988,1975-07-23,2002-08-07,81,"00665","qw",NA,153049,1971-10-15,2002-08-07,127
"101","06891000","KANSAS R AT LECOMPTON, KS","10270104","ST",39.05111157,-95.3863633,"00060","uv",NA,1645423,1990-10-01,2019-10-31,10622,"00600","qw",NA,52450988,1975-07-23,2002-08-07,81,"00665","qw",NA,153049,1971-10-15,2002-08-07,127
"102","06892350","KANSAS R AT DESOTO, KS","10270104","ST",38.9833375,-94.9646893,"00060","dv","00003",1645423,1917-07-08,2019-10-30,37370,"00600","qw",NA,52450988,1974-10-07,2019-09-24,352,"00665","qw",NA,153049,1973-08-21,2019-09-24,384
"103","06892350","KANSAS R AT DESOTO, KS","10270104","ST",38.9833375,-94.9646893,"00060","qw",NA,1645423,1960-10-01,1982-08-02,1645,"00600","qw",NA,52450988,1974-10-07,2019-09-24,352,"00665","qw",NA,153049,1973-08-21,2019-09-24,384
"104","06892350","KANSAS R AT DESOTO, KS","10270104","ST",38.9833375,-94.9646893,"00060","uv",NA,1645423,1990-10-01,2019-10-31,10622,"00600","qw",NA,52450988,1974-10-07,2019-09-24,352,"00665","qw",NA,153049,1973-08-21,2019-09-24,384
"105","06892360","KILL C AT 95TH ST NR DESOTO, KS","10270104","ST",38.95666667,-94.9736111,"00060","dv","00003",1645423,2003-03-27,2019-10-30,6062,"00600","qw",NA,52450988,2003-06-23,2018-10-08,57,"00665","qw",NA,153049,2003-06-23,2018-10-08,57
"106","06892360","KILL C AT 95TH ST NR DESOTO, KS","10270104","ST",38.95666667,-94.9736111,"00060","uv",NA,1645423,2003-04-21,2019-10-31,6037,"00600","qw",NA,52450988,2003-06-23,2018-10-08,57,"00665","qw",NA,153049,2003-06-23,2018-10-08,57
"107","06892513","MILL C AT JOHNSON DRIVE, SHAWNEE, KS","10270104","ST",39.02916667,-94.8172222,"00060","dv","00003",1645423,2002-10-01,2019-10-30,6239,"00600","qw",NA,52450988,2002-10-18,2018-10-07,112,"00665","qw",NA,153049,2002-10-18,2018-10-07,115
"108","06892513","MILL C AT JOHNSON DRIVE, SHAWNEE, KS","10270104","ST",39.02916667,-94.8172222,"00060","uv",NA,1645423,2002-10-01,2019-10-31,6239,"00600","qw",NA,52450988,2002-10-18,2018-10-07,112,"00665","qw",NA,153049,2002-10-18,2018-10-07,115
"109","06880000","LINCOLN CREEK NEAR SEWARD, NEBR.","10270201","ST",40.9161111,-97.1455556,"00060","dv","00003",1645423,1953-12-01,1994-09-29,14742,"00600","qw",NA,52450988,1968-09-24,1989-09-12,203,"00665","qw",NA,153049,1973-02-26,1989-09-12,204
"110","06880000","LINCOLN CREEK NEAR SEWARD, NEBR.","10270201","ST",40.9161111,-97.1455556,"00060","qw",NA,1645423,1962-07-12,1976-05-26,182,"00600","qw",NA,52450988,1968-09-24,1989-09-12,203,"00665","qw",NA,153049,1973-02-26,1989-09-12,204
"111","06880000","LINCOLN CREEK NEAR SEWARD, NEBR.","10270201","ST",40.9161111,-97.1455556,"00060","uv",NA,1645423,1990-10-01,1994-09-30,1460,"00600","qw",NA,52450988,1968-09-24,1989-09-12,203,"00665","qw",NA,153049,1973-02-26,1989-09-12,204
"112","06880500","BIG BLUE RIVER AT SEWARD, NEBR.","10270201","ST",40.90305556,-97.1116667,"00060","dv","00003",1645423,1954-02-01,1994-09-29,14851,"00600","qw",NA,52450988,1978-10-27,1989-09-12,140,"00665","qw",NA,153049,1978-10-27,1989-09-12,141
"113","06880500","BIG BLUE RIVER AT SEWARD, NEBR.","10270201","ST",40.90305556,-97.1116667,"00060","uv",NA,1645423,1990-10-01,1994-09-30,1460,"00600","qw",NA,52450988,1978-10-27,1989-09-12,140,"00665","qw",NA,153049,1978-10-27,1989-09-12,141
"114","06880800","West Fork Big Blue River near Dorchester, Nebr.","10270203","ST",40.7311177,-97.1775413,"00060","dv","00003",1645423,1958-08-01,2019-10-30,22057,"00600","qw",NA,52450988,1968-09-26,1991-12-19,258,"00665","qw",NA,153049,1973-02-27,1991-12-19,261
"115","06880800","West Fork Big Blue River near Dorchester, Nebr.","10270203","ST",40.7311177,-97.1775413,"00060","qw",NA,1645423,1962-07-12,1977-11-11,206,"00600","qw",NA,52450988,1968-09-26,1991-12-19,258,"00665","qw",NA,153049,1973-02-27,1991-12-19,261
"116","06880800","West Fork Big Blue River near Dorchester, Nebr.","10270203","ST",40.7311177,-97.1775413,"00060","uv",NA,1645423,1990-10-01,2019-10-31,10622,"00600","qw",NA,52450988,1968-09-26,1991-12-19,258,"00665","qw",NA,153049,1973-02-27,1991-12-19,261
"117","06881000","Big Blue River near Crete, Nebr.","10270202","ST",40.59666667,-96.9605556,"00060","dv","00003",1645423,1953-10-01,2019-10-30,24136,"00600","qw",NA,52450988,1973-04-26,1989-05-31,136,"00665","qw",NA,153049,1973-04-26,1989-05-31,137
"118","06881000","Big Blue River near Crete, Nebr.","10270202","ST",40.59666667,-96.9605556,"00060","uv",NA,1645423,1991-02-12,2019-10-31,10488,"00600","qw",NA,52450988,1973-04-26,1989-05-31,136,"00665","qw",NA,153049,1973-04-26,1989-05-31,137
"119","06881200","TURKEY CREEK NEAR WILBER, NEBR.","10270204","ST",40.48000398,-97.0122523,"00060","dv","00003",1645423,1959-10-01,1994-09-29,12783,"00600","qw",NA,52450988,1968-07-23,1989-09-12,207,"00665","qw",NA,153049,1973-03-07,1989-09-12,205
"120","06881200","TURKEY CREEK NEAR WILBER, NEBR.","10270204","ST",40.48000398,-97.0122523,"00060","qw",NA,1645423,1965-06-08,1977-11-11,134,"00600","qw",NA,52450988,1968-07-23,1989-09-12,207,"00665","qw",NA,153049,1973-03-07,1989-09-12,205
"121","06881200","TURKEY CREEK NEAR WILBER, NEBR.","10270204","ST",40.48000398,-97.0122523,"00060","uv",NA,1645423,1990-10-01,1994-09-13,1443,"00600","qw",NA,52450988,1968-07-23,1989-09-12,207,"00665","qw",NA,153049,1973-03-07,1989-09-12,205
"122","06881500","BIG BLUE R AT BEATRICE NEBR","10270202","ST",40.25666667,-96.7469444,"00060","dv","00003",1645423,1910-11-01,1994-09-29,8808,"00600","qw",NA,52450988,1968-10-03,1989-05-31,113,"00665","qw",NA,153049,1978-10-19,1989-05-31,115
"123","06881500","BIG BLUE R AT BEATRICE NEBR","10270202","ST",40.25666667,-96.7469444,"00060","uv",NA,1645423,1990-10-01,1994-09-30,1460,"00600","qw",NA,52450988,1968-10-03,1989-05-31,113,"00665","qw",NA,153049,1978-10-19,1989-05-31,115
"124","06882000","Big Blue River at Barneston, Nebr.","10270202","ST",40.0447222,-96.5872222,"00060","dv","00003",1645423,1932-10-01,2019-10-30,31802,"00600","qw",NA,52450988,1968-05-02,1993-09-13,171,"00665","qw",NA,153049,1980-10-30,2008-04-25,169
"125","06882000","Big Blue River at Barneston, Nebr.","10270202","ST",40.0447222,-96.5872222,"00060","uv",NA,1645423,1990-10-01,2019-10-31,10622,"00600","qw",NA,52450988,1968-05-02,1993-09-13,171,"00665","qw",NA,153049,1980-10-30,2008-04-25,169
"126","06883000","Little Blue River near Deweese, Nebr.","10270206","ST",40.3325,-98.0669444,"00060","dv","00003",1645423,1953-02-01,2019-10-30,23643,"00600","qw",NA,52450988,1968-07-10,1989-09-13,116,"00665","qw",NA,153049,1979-09-24,1989-09-13,117
"127","06883000","Little Blue River near Deweese, Nebr.","10270206","ST",40.3325,-98.0669444,"00060","qw",NA,1645423,1955-11-22,1969-07-29,189,"00600","qw",NA,52450988,1968-07-10,1989-09-13,116,"00665","qw",NA,153049,1979-09-24,1989-09-13,117
"128","06883000","Little Blue River near Deweese, Nebr.","10270206","ST",40.3325,-98.0669444,"00060","uv",NA,1645423,1990-10-01,2019-10-31,10622,"00600","qw",NA,52450988,1968-07-10,1989-09-13,116,"00665","qw",NA,153049,1979-09-24,1989-09-13,117
"129","06884025","Little Blue River at Hollenberg, KS","10270207","ST",39.98027778,-97.0047222,"00060","dv","00003",1645423,1974-02-20,2019-10-30,16689,"00600","qw",NA,52450988,1973-03-07,1990-04-18,244,"00665","qw",NA,153049,1973-03-07,1990-04-18,244
"130","06884025","Little Blue River at Hollenberg, KS","10270207","ST",39.98027778,-97.0047222,"00060","uv",NA,1645423,1990-10-01,2019-10-31,10622,"00600","qw",NA,52450988,1973-03-07,1990-04-18,244,"00665","qw",NA,153049,1973-03-07,1990-04-18,244
"131","06887000","BIG BLUE R NR MANHATTAN, KS","10270205","ST",39.2372186,-96.5713918,"00060","dv","00003",1645423,1950-10-01,2019-10-30,25232,"00600","qw",NA,52450988,1974-02-13,2019-08-27,148,"00665","qw",NA,153049,1971-10-19,2019-08-27,199
"132","06887000","BIG BLUE R NR MANHATTAN, KS","10270205","ST",39.2372186,-96.5713918,"00060","qw",NA,1645423,1955-10-01,1980-09-18,272,"00600","qw",NA,52450988,1974-02-13,2019-08-27,148,"00665","qw",NA,153049,1971-10-19,2019-08-27,199
"133","06887000","BIG BLUE R NR MANHATTAN, KS","10270205","ST",39.2372186,-96.5713918,"00060","uv",NA,1645423,1990-10-01,2019-10-31,10622,"00600","qw",NA,52450988,1974-02-13,2019-08-27,148,"00665","qw",NA,153049,1971-10-19,2019-08-27,199
"134","06897950","Elk Creek near Decatur City, IA","10280102","ST",40.72444235,-93.9382816,"00060","dv","00003",1645423,1967-10-01,1994-09-29,9861,"00600","qw",NA,52450988,1981-01-07,1994-06-14,51,"00665","qw",NA,153049,1971-11-11,1994-06-14,121
"135","06897950","Elk Creek near Decatur City, IA","10280102","ST",40.72444235,-93.9382816,"00060","qw",NA,1645423,1967-05-31,1976-03-09,119,"00600","qw",NA,52450988,1981-01-07,1994-06-14,51,"00665","qw",NA,153049,1971-11-11,1994-06-14,121
"136","06898100","Thompson River at Mount Moriah, MO","10280102","ST",40.3363333,-93.7685,"00060","dv","00003",1645423,1960-09-01,1977-09-29,6238,"00600","qw",NA,52450988,1999-11-09,2019-10-03,131,"00665","qw",NA,153049,1999-11-09,2019-10-03,131
"137","06899900","Medicine Creek at Lucerne, MO","10280103","ST",40.45444444,-93.2863889,"00060","dv","00003",1645423,2010-11-11,2019-10-30,3276,"00600","qw",NA,52450988,2010-10-20,2019-07-23,145,"00665","qw",NA,153049,2010-10-20,2019-07-23,145
"138","06899900","Medicine Creek at Lucerne, MO","10280103","ST",40.45444444,-93.2863889,"00060","uv",NA,1645423,2010-11-11,2019-10-31,3276,"00600","qw",NA,52450988,2010-10-20,2019-07-23,145,"00665","qw",NA,153049,2010-10-20,2019-07-23,145
"139","06900050","Medicine Creek near Laredo, MO","10280103","ST",40.0266111,-93.4362222,"00060","dv","00003",1645423,2000-11-14,2019-10-30,6925,"00600","qw",NA,52450988,2010-10-20,2019-07-23,146,"00665","qw",NA,153049,2010-10-20,2019-07-23,146
"140","06900050","Medicine Creek near Laredo, MO","10280103","ST",40.0266111,-93.4362222,"00060","uv",NA,1645423,2000-11-14,2019-10-31,6925,"00600","qw",NA,52450988,2010-10-20,2019-07-23,146,"00665","qw",NA,153049,2010-10-20,2019-07-23,146
"141","06900640","Muddy Creek near Chula, MO","10280103","ST",39.87944444,-93.3972222,"00060","dv","00003",1645423,2010-11-04,2019-10-29,3282,"00600","qw",NA,52450988,2010-10-20,2019-07-23,145,"00665","qw",NA,153049,2010-10-20,2019-07-23,145
"142","06900640","Muddy Creek near Chula, MO","10280103","ST",39.87944444,-93.3972222,"00060","uv",NA,1645423,2010-11-04,2019-10-30,3282,"00600","qw",NA,52450988,2010-10-20,2019-07-23,145,"00665","qw",NA,153049,2010-10-20,2019-07-23,145
"143","06901250","Little East Locust Creek near Browning, MO","10280103","ST",40.06557598,-93.1404847,"00060","dv","00003",1645423,2010-11-05,2019-10-30,3249,"00600","qw",NA,52450988,2010-10-19,2019-07-22,141,"00665","qw",NA,153049,2010-10-19,2019-07-22,142
"144","06901250","Little East Locust Creek near Browning, MO","10280103","ST",40.06557598,-93.1404847,"00060","uv",NA,1645423,2010-11-05,2019-10-31,3282,"00600","qw",NA,52450988,2010-10-19,2019-07-22,141,"00665","qw",NA,153049,2010-10-19,2019-07-22,142
"145","06901500","Locust Creek near Linneus, MO","10280103","ST",39.89594444,-93.2365278,"00060","dv","00003",1645423,1929-04-01,2019-10-30,22937,"00600","qw",NA,52450988,2003-08-26,2019-07-22,152,"00665","qw",NA,153049,1969-12-02,2019-07-22,153
"146","06901500","Locust Creek near Linneus, MO","10280103","ST",39.89594444,-93.2365278,"00060","uv",NA,1645423,2000-10-01,2019-10-31,6969,"00600","qw",NA,52450988,2003-08-26,2019-07-22,152,"00665","qw",NA,153049,1969-12-02,2019-07-22,153
"147","06902000","Grand River near Sumner, MO","10280103","ST",39.64002778,-93.2736944,"00060","dv","00003",1645423,1924-10-01,2019-10-30,34728,"00600","qw",NA,52450988,1973-07-17,2019-09-09,494,"00665","qw",NA,153049,1969-08-20,2019-09-09,545
"148","06902000","Grand River near Sumner, MO","10280103","ST",39.64002778,-93.2736944,"00060","qw",NA,1645423,1962-08-23,2018-06-06,141,"00600","qw",NA,52450988,1973-07-17,2019-09-09,494,"00665","qw",NA,153049,1969-08-20,2019-09-09,545
"149","06902000","Grand River near Sumner, MO","10280103","ST",39.64002778,-93.2736944,"00060","uv",NA,1645423,1995-11-11,2019-10-31,8755,"00600","qw",NA,52450988,1973-07-17,2019-09-09,494,"00665","qw",NA,153049,1969-08-20,2019-09-09,545
"150","06902995","Hickory Branch near Mendon, MO","10280103","ST",39.58252426,-93.1332572,"00060","dv","00003",1645423,2010-11-04,2019-10-30,3283,"00600","qw",NA,52450988,2010-10-19,2019-07-22,144,"00665","qw",NA,153049,2010-10-19,2019-07-22,144
"151","06902995","Hickory Branch near Mendon, MO","10280103","ST",39.58252426,-93.1332572,"00060","uv",NA,1645423,2010-11-04,2019-10-31,3283,"00600","qw",NA,52450988,2010-10-19,2019-07-22,144,"00665","qw",NA,153049,2010-10-19,2019-07-22,144
"152","06905500","Chariton River near Prairie Hill, MO","10280202","ST",39.53994444,-92.79075,"00060","dv","00003",1645423,1929-04-09,2019-10-30,33077,"00600","qw",NA,52450988,1973-07-18,2019-09-10,285,"00665","qw",NA,153049,1969-08-19,2019-09-10,334
"153","06905500","Chariton River near Prairie Hill, MO","10280202","ST",39.53994444,-92.79075,"00060","qw",NA,1645423,1962-08-23,2014-01-28,108,"00600","qw",NA,52450988,1973-07-18,2019-09-10,285,"00665","qw",NA,153049,1969-08-19,2019-09-10,334
"154","06905500","Chariton River near Prairie Hill, MO","10280202","ST",39.53994444,-92.79075,"00060","uv",NA,1645423,1994-10-01,2019-10-31,9161,"00600","qw",NA,52450988,1973-07-18,2019-09-10,285,"00665","qw",NA,153049,1969-08-19,2019-09-10,334
"155","06906300","East Fork Little Chariton R. near Huntsville, MO","10280203","ST",39.45491667,-92.5685,"00060","dv","00003",1645423,1962-10-01,2011-10-03,17900,"00600","qw",NA,52450988,1973-10-11,2019-09-10,143,"00665","qw",NA,153049,1973-10-11,2019-09-10,236
"156","06906300","East Fork Little Chariton R. near Huntsville, MO","10280203","ST",39.45491667,-92.5685,"00060","uv",NA,1645423,1994-10-01,2011-10-05,6213,"00600","qw",NA,52450988,1973-10-11,2019-09-10,143,"00665","qw",NA,153049,1973-10-11,2019-09-10,236
"157","06917630","East Drywood Creek at Prairie State Park","10290104","ST",37.5353611,-94.5580833,"00060","dv","00003",1645423,2001-11-07,2019-10-30,6474,"00600","qw",NA,52450988,1993-11-23,2019-07-17,76,"00665","qw",NA,153049,1993-11-23,2019-07-17,76
"158","06917630","East Drywood Creek at Prairie State Park","10290104","ST",37.5353611,-94.5580833,"00060","uv",NA,1645423,2001-11-08,2019-10-31,6566,"00600","qw",NA,52450988,1993-11-23,2019-07-17,76,"00665","qw",NA,153049,1993-11-23,2019-07-17,76
"159","06918070","Osage River above Schell City, MO","10290105","ST",38.0558611,-94.1454167,"00060","dv","00003",1645423,1981-05-08,2012-02-18,9924,"00600","qw",NA,52450988,1979-03-06,2019-07-29,242,"00665","qw",NA,153049,1979-03-06,2019-07-29,243
"160","06918070","Osage River above Schell City, MO","10290105","ST",38.0558611,-94.1454167,"00060","uv",NA,1645423,1990-10-07,2010-09-30,7298,"00600","qw",NA,52450988,1979-03-06,2019-07-29,242,"00665","qw",NA,153049,1979-03-06,2019-07-29,243
"161","06919500","Cedar Creek near Pleasant View, MO","10290106","ST",37.83420277,-93.8754918,"00060","dv","00003",1645423,1923-04-22,2019-10-30,27219,"00600","qw",NA,52450988,2008-10-14,2014-09-03,72,"00665","qw",NA,153049,2008-10-14,2014-09-03,72
"162","06919500","Cedar Creek near Pleasant View, MO","10290106","ST",37.83420277,-93.8754918,"00060","uv",NA,1645423,1987-10-22,2019-10-31,11697,"00600","qw",NA,52450988,2008-10-14,2014-09-03,72,"00665","qw",NA,153049,2008-10-14,2014-09-03,72
"163","06921070","Pomme de Terre River near Polk, MO","10290107","ST",37.68266667,-93.3703333,"00060","dv","00003",1645423,1968-10-01,2019-10-30,18657,"00600","qw",NA,52450988,1992-11-17,2019-09-10,213,"00665","qw",NA,153049,1983-11-10,2019-09-10,242
"164","06921070","Pomme de Terre River near Polk, MO","10290107","ST",37.68266667,-93.3703333,"00060","uv",NA,1645423,1994-10-01,2019-10-31,9161,"00600","qw",NA,52450988,1992-11-17,2019-09-10,213,"00665","qw",NA,153049,1983-11-10,2019-09-10,242
"165","06921590","South Grand River at Archie, MO","10290108","ST",38.49158056,-94.3442444,"00060","dv","00003",1645423,1969-10-01,2019-10-30,10753,"00600","qw",NA,52450988,2007-06-14,2019-09-26,74,"00665","qw",NA,153049,2007-06-14,2019-09-26,74
"166","06921590","South Grand River at Archie, MO","10290108","ST",38.49158056,-94.3442444,"00060","uv",NA,1645423,2007-06-01,2019-10-31,4535,"00600","qw",NA,52450988,2007-06-14,2019-09-26,74,"00665","qw",NA,153049,2007-06-14,2019-09-26,74
"167","06921720","Big Creek near Blairstown, MO","10290108","ST",38.55497778,-93.9653528,"00060","dv","00003",1645423,1960-08-01,2019-10-30,9719,"00600","qw",NA,52450988,2008-10-09,2014-09-19,60,"00665","qw",NA,153049,2008-10-09,2014-09-19,60
"168","06921720","Big Creek near Blairstown, MO","10290108","ST",38.55497778,-93.9653528,"00060","uv",NA,1645423,2007-05-31,2019-10-31,4536,"00600","qw",NA,52450988,2008-10-09,2014-09-19,60,"00665","qw",NA,153049,2008-10-09,2014-09-19,60
"169","06923150","Dousinbury Cr at Hwy JJ near Wall Street","10290110","ST",37.5944,-92.9668194,"00060","dv","00003",1645423,1993-04-08,1997-09-29,1636,"00600","qw",NA,52450988,1991-09-10,1997-02-27,66,"00665","qw",NA,153049,1991-09-10,1997-02-27,66
"170","06923150","Dousinbury Cr at Hwy JJ near Wall Street","10290110","ST",37.5944,-92.9668194,"00060","uv",NA,1645423,1993-04-09,1997-09-30,1635,"00600","qw",NA,52450988,1991-09-10,1997-02-27,66,"00665","qw",NA,153049,1991-09-10,1997-02-27,66
"171","06923250","Niangua River at Windyville, MO","10290110","ST",37.6842067,-92.9243495,"00060","dv","00003",1645423,1991-07-24,2019-10-30,6683,"00600","qw",NA,52450988,1991-07-01,1995-11-21,86,"00665","qw",NA,153049,1991-07-01,1995-11-21,88
"172","06923250","Niangua River at Windyville, MO","10290110","ST",37.6842067,-92.9243495,"00060","uv",NA,1645423,1991-07-24,2019-10-31,10326,"00600","qw",NA,52450988,1991-07-01,1995-11-21,86,"00665","qw",NA,153049,1991-07-01,1995-11-21,88
"173","06923500","Bennett Spring at Bennett Springs, MO","10290110","SP",37.7171472,-92.8575722,"00060","dv","00003",1645423,1928-10-01,2019-10-30,20445,"00600","qw",NA,52450988,1991-07-01,1995-03-28,56,"00665","qw",NA,153049,1991-07-01,1995-03-28,57
"174","06923500","Bennett Spring at Bennett Springs, MO","10290110","SP",37.7171472,-92.8575722,"00060","uv",NA,1645423,2007-02-09,2019-10-31,4647,"00600","qw",NA,52450988,1991-07-01,1995-03-28,56,"00665","qw",NA,153049,1991-07-01,1995-03-28,57
"175","06926510","Osage River below St. Thomas, MO","10290111","ST",38.42144444,-92.20825,"00060","dv","00003",1645423,1996-06-14,2019-10-30,8174,"00600","qw",NA,52450988,1974-10-18,2019-10-02,309,"00665","qw",NA,153049,1974-10-18,2019-10-02,314
"176","06926510","Osage River below St. Thomas, MO","10290111","ST",38.42144444,-92.20825,"00060","uv",NA,1645423,1997-01-09,2019-10-31,8330,"00600","qw",NA,52450988,1974-10-18,2019-10-02,309,"00665","qw",NA,153049,1974-10-18,2019-10-02,314
